fold,variant,seed,slide_id,pair_cosine_average,pair_cosine_worst,retrieval_top1_average,retrieval_top1_worst,scanner_probe_accuracy
1,paired_reference,701,slide_1,0.8293720233440399,0.7716120958328248,1.0,1.0,0.76
1,paired_reference,702,slide_1,0.8200370365381241,0.7773513734340668,1.0,1.0,0.82
1,paired_reference,703,slide_1,0.8239981573820114,0.7621043622493744,1.0,1.0,0.82
1,paired_reference,704,slide_1,0.8244926619529724,0.7723566949367523,1.0,1.0,0.8
1,paired_reference,705,slide_1,0.8348604118824006,0.7881107926368713,1.0,1.0,0.76
2,paired_reference,701,slide_10,0.7443876481056213,0.7150158166885376,1.0,1.0,1.0
2,paired_reference,702,slide_10,0.7588762956857681,0.7311328232288361,1.0,1.0,1.0
2,paired_reference,703,slide_10,0.7568561524152756,0.7260209441184997,1.0,1.0,1.0
2,paired_reference,704,slide_10,0.7680125027894974,0.7244110107421875,0.995,0.95,1.0
2,paired_reference,705,slide_10,0.7388719952106476,0.7062574803829194,1.0,1.0,1.0
0,paired_reference,701,slide_11,0.8034160447120666,0.7751526176929474,1.0,1.0,1.0
0,paired_reference,702,slide_11,0.8057504963874816,0.7756384432315826,1.0,1.0,1.0
0,paired_reference,703,slide_11,0.8010815727710724,0.7774969160556793,1.0,1.0,1.0
0,paired_reference,704,slide_11,0.788431226015091,0.7627076208591461,1.0,1.0,0.94
0,paired_reference,705,slide_11,0.8041291928291321,0.7828248858451843,1.0,1.0,0.94
1,paired_reference,701,slide_12,0.7791504573822021,0.7491711556911469,1.0,1.0,0.94
1,paired_reference,702,slide_12,0.7687006133794785,0.7301346600055695,1.0,1.0,0.94
1,paired_reference,703,slide_12,0.7592384195327759,0.7212374031543731,1.0,1.0,0.96
1,paired_reference,704,slide_12,0.7740805178880692,0.7450929164886475,1.0,1.0,0.9
1,paired_reference,705,slide_12,0.7800430673360824,0.7480923533439636,1.0,1.0,0.98
3,paired_reference,701,slide_13,0.7719315034151077,0.7303914785385132,1.0,1.0,0.98
3,paired_reference,702,slide_13,0.7730983108282089,0.7434183716773987,1.0,1.0,0.96
3,paired_reference,703,slide_13,0.7821654736995697,0.7411039650440217,1.0,1.0,0.92
3,paired_reference,704,slide_13,0.7870334172248841,0.7536422073841095,1.0,1.0,0.96
3,paired_reference,705,slide_13,0.7939222812652588,0.7552476644515991,1.0,1.0,0.94
0,paired_reference,701,slide_14,0.786730386018753,0.7391285836696625,1.0,1.0,0.98
0,paired_reference,702,slide_14,0.7827230632305145,0.7387380242347718,0.995,0.95,1.0
0,paired_reference,703,slide_14,0.7953700011968613,0.7524757266044617,1.0,1.0,0.92
0,paired_reference,704,slide_14,0.7739079892635345,0.7227243959903717,1.0,1.0,0.96
0,paired_reference,705,slide_14,0.7811408585309982,0.7268292427062988,1.0,1.0,1.0
1,paired_reference,701,slide_15,0.7685156506299973,0.6938645124435425,1.0,1.0,1.0
1,paired_reference,702,slide_15,0.7984443175792694,0.7494962751865387,1.0,1.0,0.98
1,paired_reference,703,slide_15,0.77193583548069,0.69517702460289,1.0,1.0,0.98
1,paired_reference,704,slide_15,0.7705828225612641,0.6988237559795379,1.0,1.0,0.98
1,paired_reference,705,slide_15,0.7848740231990814,0.706214189529419,1.0,1.0,0.98
2,paired_reference,701,slide_16,0.7881037622690201,0.7487565696239471,1.0,1.0,0.98
2,paired_reference,702,slide_16,0.8059092718362808,0.7656947076320648,1.0,1.0,0.96
2,paired_reference,703,slide_16,0.7988333809375763,0.76592618227005,1.0,1.0,1.0
2,paired_reference,704,slide_16,0.7902523696422576,0.7522668778896332,1.0,1.0,0.96
2,paired_reference,705,slide_16,0.8099212270975112,0.7793123662471771,1.0,1.0,0.96
0,paired_reference,701,slide_17,0.7304878455400466,0.699081826210022,0.995,0.95,0.92
0,paired_reference,702,slide_17,0.7258581566810608,0.6722650825977325,0.995,0.95,0.94
0,paired_reference,703,slide_17,0.7276653158664703,0.6894297957420349,1.0,1.0,0.96
0,paired_reference,704,slide_17,0.7208242803812027,0.6826439321041107,1.0,1.0,0.96
0,paired_reference,705,slide_17,0.721789573431015,0.6849345624446869,1.0,1.0,0.94
1,paired_reference,701,slide_18,0.7913426208496094,0.7648423492908478,1.0,1.0,0.92
1,paired_reference,702,slide_18,0.7885666954517364,0.7546932697296143,0.995,0.95,0.92
1,paired_reference,703,slide_18,0.7921649312973023,0.7426043033599854,0.995,0.95,0.92
1,paired_reference,704,slide_18,0.7909759283065796,0.7577933371067047,1.0,1.0,0.82
1,paired_reference,705,slide_18,0.7890814983844757,0.7652814745903015,1.0,1.0,0.8
4,paired_reference,701,slide_19,0.7283278679847718,0.6712756991386414,1.0,1.0,0.98
4,paired_reference,702,slide_19,0.7188357454538346,0.6511610805988312,1.0,1.0,1.0
4,paired_reference,703,slide_19,0.7226776701211929,0.6645334601402283,1.0,1.0,0.98
4,paired_reference,704,slide_19,0.7196037691831588,0.659293407201767,1.0,1.0,0.98
4,paired_reference,705,slide_19,0.7382966646552086,0.6755103558301926,1.0,1.0,0.96
4,paired_reference,701,slide_2,0.7484683781862259,0.7177523136138916,1.0,1.0,0.96
4,paired_reference,702,slide_2,0.7533173686265946,0.7184713423252106,1.0,1.0,0.98
4,paired_reference,703,slide_2,0.7484122860431671,0.7172738552093506,1.0,1.0,1.0
4,paired_reference,704,slide_2,0.7397133880853652,0.7031442046165466,1.0,1.0,0.96
4,paired_reference,705,slide_2,0.7484474670886994,0.7100541591644287,1.0,1.0,0.98
0,paired_reference,701,slide_20,0.7908129954338073,0.7562049746513366,1.0,1.0,0.98
0,paired_reference,702,slide_20,0.7948771774768829,0.7641324400901794,1.0,1.0,1.0
0,paired_reference,703,slide_20,0.7785933715105057,0.7465402007102966,1.0,1.0,0.96
0,paired_reference,704,slide_20,0.7875838959217072,0.7529696583747864,1.0,1.0,0.96
0,paired_reference,705,slide_20,0.7789708518981934,0.7399870932102204,1.0,1.0,1.0
1,paired_reference,701,slide_21,0.7661232483386994,0.7410798609256745,0.995,0.95,1.0
1,paired_reference,702,slide_21,0.7690047496557235,0.7404760181903839,0.99,0.95,1.0
1,paired_reference,703,slide_21,0.7792860072851181,0.7552284300327301,1.0,1.0,1.0
1,paired_reference,704,slide_21,0.7556860041618347,0.7183536291122437,1.0,1.0,0.96
1,paired_reference,705,slide_21,0.7732565879821778,0.7460010647773743,0.995,0.95,0.98
2,paired_reference,701,slide_22,0.7630599290132523,0.7328662097454071,1.0,1.0,0.92
2,paired_reference,702,slide_22,0.7385762310028077,0.6914682507514953,1.0,1.0,0.94
2,paired_reference,703,slide_22,0.7513190615177154,0.7046481013298035,1.0,1.0,0.94
2,paired_reference,704,slide_22,0.7517899239063263,0.7104433596134185,1.0,1.0,0.92
2,paired_reference,705,slide_22,0.7457036238908767,0.695236086845398,1.0,1.0,0.92
2,paired_reference,701,slide_23,0.7129027479887009,0.6590262889862061,1.0,1.0,1.0
2,paired_reference,702,slide_23,0.7149917566776276,0.6656972229480743,1.0,1.0,1.0
2,paired_reference,703,slide_23,0.7189148187637329,0.6772226452827453,1.0,1.0,1.0
2,paired_reference,704,slide_23,0.7182323986291885,0.685397344827652,1.0,1.0,1.0
2,paired_reference,705,slide_23,0.7206155449151993,0.6768581628799438,1.0,1.0,1.0
1,paired_reference,701,slide_24,0.7771178114414216,0.6995000839233398,1.0,1.0,0.98
1,paired_reference,702,slide_24,0.7794397103786469,0.6896663784980774,1.0,1.0,0.98
1,paired_reference,703,slide_24,0.7916914236545562,0.7111490428447723,1.0,1.0,0.94
1,paired_reference,704,slide_24,0.7744511157274246,0.7056013166904449,1.0,1.0,0.94
1,paired_reference,705,slide_24,0.784005401134491,0.7106319069862366,1.0,1.0,0.98
3,paired_reference,701,slide_25,0.7780269545316696,0.7068942308425903,1.0,1.0,0.94
3,paired_reference,702,slide_25,0.7640097171068192,0.7048253953456879,1.0,1.0,0.98
3,paired_reference,703,slide_25,0.7547654235363006,0.6604707837104797,0.995,0.95,0.98
3,paired_reference,704,slide_25,0.7584888434410095,0.6591741144657135,1.0,1.0,1.0
3,paired_reference,705,slide_25,0.7900926166772843,0.7316564917564392,1.0,1.0,1.0
0,paired_reference,701,slide_26,0.7979825270175934,0.7407631695270538,0.995,0.95,0.74
0,paired_reference,702,slide_26,0.7855613255500793,0.7188193440437317,1.0,1.0,0.72
0,paired_reference,703,slide_26,0.7969129145145416,0.7339155554771424,1.0,1.0,0.62
0,paired_reference,704,slide_26,0.7958459174633026,0.7407111763954163,1.0,1.0,0.8
0,paired_reference,705,slide_26,0.7896772533655166,0.7266793668270111,0.995,0.95,0.68
2,paired_reference,701,slide_27,0.7887644702196122,0.742038905620575,1.0,1.0,1.0
2,paired_reference,702,slide_27,0.7875334334373474,0.7383501708507538,1.0,1.0,0.98
2,paired_reference,703,slide_27,0.7923764503002166,0.7372509121894837,1.0,1.0,1.0
2,paired_reference,704,slide_27,0.7833702111244202,0.7448324859142303,1.0,1.0,0.98
2,paired_reference,705,slide_27,0.7762864351272583,0.7216475069522857,1.0,1.0,0.96
2,paired_reference,701,slide_28,0.7497004890441894,0.7104009211063385,1.0,1.0,1.0
2,paired_reference,702,slide_28,0.7582850158214569,0.7268964529037476,1.0,1.0,1.0
2,paired_reference,703,slide_28,0.7499844765663147,0.7148873925209045,1.0,1.0,1.0
2,paired_reference,704,slide_28,0.7528673273324966,0.7167862892150879,1.0,1.0,1.0
2,paired_reference,705,slide_28,0.7469623082876206,0.7081349909305572,1.0,1.0,1.0
3,paired_reference,701,slide_29,0.7559282898902893,0.7290336966514588,1.0,1.0,1.0
3,paired_reference,702,slide_29,0.7478487837314606,0.720279997587204,1.0,1.0,0.98
3,paired_reference,703,slide_29,0.7411999303102493,0.717935448884964,1.0,1.0,1.0
3,paired_reference,704,slide_29,0.7467390149831772,0.7174455285072326,1.0,1.0,1.0
3,paired_reference,705,slide_29,0.7476262503862381,0.7250350952148438,1.0,1.0,1.0
4,paired_reference,701,slide_3,0.8120444983243942,0.7799805760383606,1.0,1.0,0.94
4,paired_reference,702,slide_3,0.8076189988851548,0.7708367943763733,1.0,1.0,0.96
4,paired_reference,703,slide_3,0.8117128497362137,0.7832797408103943,1.0,1.0,0.9
4,paired_reference,704,slide_3,0.8128450405597687,0.7867013394832612,1.0,1.0,0.96
4,paired_reference,705,slide_3,0.8079910850524903,0.7695067942142486,1.0,1.0,0.92
4,paired_reference,701,slide_30,0.7409421920776367,0.6885178208351135,1.0,1.0,0.96
4,paired_reference,702,slide_30,0.7169386434555054,0.655733996629715,1.0,1.0,0.98
4,paired_reference,703,slide_30,0.7267924112081527,0.6664327502250671,1.0,1.0,0.96
4,paired_reference,704,slide_30,0.7169213706254959,0.6603342175483704,0.985,0.95,0.98
4,paired_reference,705,slide_30,0.7394733327627182,0.6876844823360443,1.0,1.0,1.0
3,paired_reference,701,slide_31,0.7774925470352173,0.7347359418869018,1.0,1.0,0.96
3,paired_reference,702,slide_31,0.7831167304515838,0.750202888250351,1.0,1.0,1.0
3,paired_reference,703,slide_31,0.7759067225456238,0.7471336960792542,1.0,1.0,1.0
3,paired_reference,704,slide_31,0.7523897939920425,0.7220860064029694,0.995,0.95,1.0
3,paired_reference,705,slide_31,0.7811712825298309,0.7583408892154694,1.0,1.0,0.98
4,paired_reference,701,slide_32,0.7638200372457504,0.7336052000522614,1.0,1.0,0.98
4,paired_reference,702,slide_32,0.7519814676046371,0.7130403935909271,1.0,1.0,0.96
4,paired_reference,703,slide_32,0.765038446187973,0.717914092540741,1.0,1.0,0.96
4,paired_reference,704,slide_32,0.7501237601041794,0.7005764901638031,1.0,1.0,0.98
4,paired_reference,705,slide_32,0.753969486951828,0.7054540812969208,1.0,1.0,0.98
0,paired_reference,701,slide_33,0.7776242667436599,0.7270113110542298,1.0,1.0,0.86
0,paired_reference,702,slide_33,0.7827708822488785,0.7423196136951447,1.0,1.0,0.88
0,paired_reference,703,slide_33,0.7775983238220214,0.7358389794826508,1.0,1.0,0.88
0,paired_reference,704,slide_33,0.7782852846384049,0.7315275251865387,1.0,1.0,0.9
0,paired_reference,705,slide_33,0.7605115556716919,0.7096212267875671,1.0,1.0,0.94
0,paired_reference,701,slide_34,0.8210182827711106,0.7554748058319092,0.995,0.95,0.94
0,paired_reference,702,slide_34,0.8204970794916153,0.7791200160980225,1.0,1.0,0.92
0,paired_reference,703,slide_34,0.8149293243885041,0.7720266699790954,0.995,0.95,1.0
0,paired_reference,704,slide_34,0.8231789726018905,0.7813004374504089,1.0,1.0,0.96
0,paired_reference,705,slide_34,0.8057441782951354,0.7652912259101867,1.0,1.0,1.0
3,paired_reference,701,slide_35,0.7786957585811615,0.7049516379833222,1.0,1.0,0.86
3,paired_reference,702,slide_35,0.7819747394323349,0.7253188192844391,1.0,1.0,0.88
3,paired_reference,703,slide_35,0.7681481087207794,0.7032960832118988,1.0,1.0,0.9
3,paired_reference,704,slide_35,0.7749910098314285,0.7132212698459626,1.0,1.0,0.88
3,paired_reference,705,slide_35,0.7712811905145646,0.7091720700263977,1.0,1.0,0.88
3,paired_reference,701,slide_36,0.8116563618183136,0.7699455916881561,0.995,0.95,0.92
3,paired_reference,702,slide_36,0.8006621223688125,0.7645038843154908,1.0,1.0,0.96
3,paired_reference,703,slide_36,0.8213780200481415,0.7786414504051209,1.0,1.0,0.98
3,paired_reference,704,slide_36,0.7871732169389725,0.7334727346897125,0.995,0.95,1.0
3,paired_reference,705,slide_36,0.7956855809688568,0.7433793902397156,0.995,0.95,0.94
1,paired_reference,701,slide_37,0.8073467940092087,0.754246062040329,1.0,1.0,1.0
1,paired_reference,702,slide_37,0.8051554876565933,0.7496361911296845,1.0,1.0,1.0
1,paired_reference,703,slide_37,0.8149968445301056,0.7743891179561615,1.0,1.0,0.98
1,paired_reference,704,slide_37,0.7990745389461518,0.754536646604538,1.0,1.0,1.0
1,paired_reference,705,slide_37,0.8039901131391525,0.7494375228881835,1.0,1.0,1.0
1,paired_reference,701,slide_38,0.7544211483001709,0.7248959898948669,1.0,1.0,1.0
1,paired_reference,702,slide_38,0.7692832839488983,0.7375564873218536,1.0,1.0,1.0
1,paired_reference,703,slide_38,0.75475745677948,0.7199580252170563,1.0,1.0,1.0
1,paired_reference,704,slide_38,0.7578133952617645,0.7141241490840912,1.0,1.0,1.0
1,paired_reference,705,slide_38,0.7631619191169738,0.7378557801246644,1.0,1.0,1.0
0,paired_reference,701,slide_39,0.7637197899818421,0.7138264000415802,1.0,1.0,0.9
0,paired_reference,702,slide_39,0.7546045243740082,0.6924339830875397,1.0,1.0,0.94
0,paired_reference,703,slide_39,0.7687795662879944,0.7170727372169494,0.995,0.95,0.96
0,paired_reference,704,slide_39,0.7676212263107299,0.6967586517333985,0.995,0.95,0.92
0,paired_reference,705,slide_39,0.7587025809288025,0.7103511333465576,1.0,1.0,0.94
3,paired_reference,701,slide_4,0.7836440885066986,0.7377472698688508,1.0,1.0,0.94
3,paired_reference,702,slide_4,0.7844751876592636,0.740302574634552,1.0,1.0,0.94
3,paired_reference,703,slide_4,0.794974855184555,0.7555901348590851,1.0,1.0,0.92
3,paired_reference,704,slide_4,0.7902395182847977,0.7477086842060089,0.995,0.95,0.94
3,paired_reference,705,slide_4,0.7971555006504059,0.7507664918899536,1.0,1.0,0.94
4,paired_reference,701,slide_40,0.868720081448555,0.8016848206520081,0.98,0.9,0.78
4,paired_reference,702,slide_40,0.873325828909874,0.8304582715034485,0.985,0.85,0.78
4,paired_reference,703,slide_40,0.8688466989994049,0.8120623350143432,0.98,0.9,0.84
4,paired_reference,704,slide_40,0.8647073477506637,0.7905977070331573,0.99,0.95,0.94
4,paired_reference,705,slide_40,0.8715317100286484,0.8228803992271423,1.0,1.0,0.96
0,paired_reference,701,slide_41,0.772259368300438,0.7289550840854645,1.0,1.0,0.96
0,paired_reference,702,slide_41,0.7620080399513245,0.727932333946228,1.0,1.0,0.98
0,paired_reference,703,slide_41,0.7737207633256912,0.7347634196281433,1.0,1.0,0.98
0,paired_reference,704,slide_41,0.7692407429218292,0.7180618405342102,1.0,1.0,1.0
0,paired_reference,705,slide_41,0.7835205382108689,0.7385398566722869,1.0,1.0,0.98
3,paired_reference,701,slide_42,0.7588545382022858,0.7374791383743287,1.0,1.0,1.0
3,paired_reference,702,slide_42,0.7601687479019165,0.7329917073249816,1.0,1.0,1.0
3,paired_reference,703,slide_42,0.7746576642990113,0.7546489000320434,1.0,1.0,0.96
3,paired_reference,704,slide_42,0.7446833038330078,0.706287932395935,1.0,1.0,1.0
3,paired_reference,705,slide_42,0.7708229553699494,0.7446795225143432,1.0,1.0,1.0
4,paired_reference,701,slide_43,0.7365859526395798,0.658036184310913,1.0,1.0,0.98
4,paired_reference,702,slide_43,0.7328286546468735,0.6594951331615448,1.0,1.0,0.96
4,paired_reference,703,slide_43,0.7353280305862426,0.6620095312595368,1.0,1.0,0.98
4,paired_reference,704,slide_43,0.73599087536335,0.6587240815162658,1.0,1.0,0.96
4,paired_reference,705,slide_43,0.7510850727558136,0.6726579785346984,1.0,1.0,0.96
4,paired_reference,701,slide_44,0.7639086645841598,0.7144375324249268,1.0,1.0,0.98
4,paired_reference,702,slide_44,0.7568215173482895,0.7110188722610473,1.0,1.0,1.0
4,paired_reference,703,slide_44,0.7556950402259827,0.6899057924747467,1.0,1.0,1.0
4,paired_reference,704,slide_44,0.7464637869596481,0.6896323382854461,1.0,1.0,1.0
4,paired_reference,705,slide_44,0.7669931852817535,0.7062497675418854,1.0,1.0,1.0
1,paired_reference,701,slide_45,0.7894027543067932,0.7477234184741974,1.0,1.0,0.98
1,paired_reference,702,slide_45,0.7781911492347717,0.7335847079753876,1.0,1.0,0.98
1,paired_reference,703,slide_45,0.7845089852809906,0.741807097196579,1.0,1.0,1.0
1,paired_reference,704,slide_45,0.7797607344388962,0.7267420411109924,1.0,1.0,1.0
1,paired_reference,705,slide_45,0.792247685790062,0.7418688118457795,1.0,1.0,1.0
4,paired_reference,701,slide_46,0.7837398761510849,0.740094655752182,1.0,1.0,1.0
4,paired_reference,702,slide_46,0.7928732407093048,0.7580346643924714,1.0,1.0,1.0
4,paired_reference,703,slide_46,0.7860010772943496,0.7395552873611451,1.0,1.0,1.0
4,paired_reference,704,slide_46,0.7719517165422439,0.7352844119071961,1.0,1.0,0.96
4,paired_reference,705,slide_46,0.7818710291385651,0.7331741869449615,1.0,1.0,0.98
0,paired_reference,701,slide_47,0.8030018132925033,0.751540070772171,1.0,1.0,0.98
0,paired_reference,702,slide_47,0.8039918994903564,0.7724928855895996,1.0,1.0,1.0
0,paired_reference,703,slide_47,0.7968593156337738,0.7622029542922973,1.0,1.0,1.0
0,paired_reference,704,slide_47,0.7993323749303818,0.7558147013187408,1.0,1.0,1.0
0,paired_reference,705,slide_47,0.7946053957939148,0.7516424298286438,1.0,1.0,0.96
2,paired_reference,701,slide_48,0.7894295424222946,0.7673442721366882,1.0,1.0,1.0
2,paired_reference,702,slide_48,0.7799022835493088,0.7394329905509949,1.0,1.0,1.0
2,paired_reference,703,slide_48,0.7989475411176682,0.7634650051593781,1.0,1.0,0.98
2,paired_reference,704,slide_48,0.7843454086780548,0.7602797687053681,1.0,1.0,1.0
2,paired_reference,705,slide_48,0.7796246081590652,0.757620882987976,1.0,1.0,1.0
1,paired_reference,701,slide_5,0.7537427467107772,0.6889696180820465,0.995,0.95,0.92
1,paired_reference,702,slide_5,0.746762747168541,0.6932448387145996,1.0,1.0,0.98
1,paired_reference,703,slide_5,0.761126099228859,0.7042552769184113,1.0,1.0,0.92
1,paired_reference,704,slide_5,0.740880719423294,0.6891061425209045,0.995,0.95,0.9
1,paired_reference,705,slide_5,0.7518149209022522,0.7066335916519165,1.0,1.0,0.96
3,paired_reference,701,slide_6,0.721378016769886,0.6434668213129043,0.995,0.95,1.0
3,paired_reference,702,slide_6,0.7283971035480499,0.6556490123271942,0.995,0.95,1.0
3,paired_reference,703,slide_6,0.731740592122078,0.6896836817264557,1.0,1.0,1.0
3,paired_reference,704,slide_6,0.7275025326013566,0.6760698556900024,0.995,0.95,1.0
3,paired_reference,705,slide_6,0.7231749355792999,0.6592566668987274,1.0,1.0,1.0
2,paired_reference,701,slide_7,0.7606465846300126,0.7223080813884735,1.0,1.0,1.0
2,paired_reference,702,slide_7,0.7562208527326584,0.7109022438526154,1.0,1.0,0.92
2,paired_reference,703,slide_7,0.7351320534944534,0.689399141073227,1.0,1.0,0.96
2,paired_reference,704,slide_7,0.7373222148418427,0.6721667110919952,1.0,1.0,0.92
2,paired_reference,705,slide_7,0.7423696380853653,0.687084972858429,1.0,1.0,1.0
2,paired_reference,701,slide_8,0.7805819761753082,0.731255978345871,1.0,1.0,0.9
2,paired_reference,702,slide_8,0.7727207118272781,0.7133585989475251,1.0,1.0,0.8
2,paired_reference,703,slide_8,0.7927417105436325,0.7478171825408936,1.0,1.0,0.84
2,paired_reference,704,slide_8,0.7812337559461594,0.7259972035884857,1.0,1.0,0.84
2,paired_reference,705,slide_8,0.7673489618301391,0.7119249880313874,0.995,0.95,0.74
2,paired_reference,701,slide_9,0.8150758475065232,0.7888823091983795,1.0,1.0,0.98
2,paired_reference,702,slide_9,0.8068019837141037,0.7787397801876068,1.0,1.0,0.96
2,paired_reference,703,slide_9,0.8117309379577636,0.7786236464977264,1.0,1.0,0.96
2,paired_reference,704,slide_9,0.8067330020666122,0.7814997911453248,1.0,1.0,0.98
2,paired_reference,705,slide_9,0.8085903835296631,0.7724216282367706,1.0,1.0,1.0
1,paired_acquisition_dep20,701,slide_1,0.8599639284610748,0.8061651349067688,1.0,1.0,0.3
1,paired_acquisition_dep20,702,slide_1,0.8607824516296386,0.8228515565395356,1.0,1.0,0.44
1,paired_acquisition_dep20,703,slide_1,0.8607908183336258,0.8063294291496277,1.0,1.0,0.36
1,paired_acquisition_dep20,704,slide_1,0.8681363832950592,0.8233824908733368,1.0,1.0,0.32
1,paired_acquisition_dep20,705,slide_1,0.8652986937761307,0.8246862649917602,1.0,1.0,0.42
2,paired_acquisition_dep20,701,slide_10,0.8544471842050553,0.8263542711734772,1.0,1.0,0.6
2,paired_acquisition_dep20,702,slide_10,0.8682696145772933,0.8388908207416534,1.0,1.0,0.66
2,paired_acquisition_dep20,703,slide_10,0.8567159050703048,0.816892147064209,1.0,1.0,0.58
2,paired_acquisition_dep20,704,slide_10,0.8626847422122955,0.8317395687103272,1.0,1.0,0.66
2,paired_acquisition_dep20,705,slide_10,0.8602206301689148,0.823302561044693,1.0,1.0,0.58
0,paired_acquisition_dep20,701,slide_11,0.8908619815111161,0.8710376501083374,1.0,1.0,0.42
0,paired_acquisition_dep20,702,slide_11,0.885705771446228,0.8702123105525971,1.0,1.0,0.5
0,paired_acquisition_dep20,703,slide_11,0.8787809580564498,0.8585344910621643,1.0,1.0,0.56
0,paired_acquisition_dep20,704,slide_11,0.8838160693645477,0.8613916516304017,1.0,1.0,0.6
0,paired_acquisition_dep20,705,slide_11,0.8874347937107087,0.8662292659282684,1.0,1.0,0.58
1,paired_acquisition_dep20,701,slide_12,0.8462885534763336,0.8122134268283844,1.0,1.0,0.36
1,paired_acquisition_dep20,702,slide_12,0.8403542554378509,0.8019428372383117,1.0,1.0,0.6
1,paired_acquisition_dep20,703,slide_12,0.8415434300899506,0.8034551799297333,1.0,1.0,0.4
1,paired_acquisition_dep20,704,slide_12,0.8532269924879075,0.8207311153411865,1.0,1.0,0.4
1,paired_acquisition_dep20,705,slide_12,0.8498329597711564,0.8198946237564086,1.0,1.0,0.6
3,paired_acquisition_dep20,701,slide_13,0.8602736181020737,0.8257574081420899,1.0,1.0,0.64
3,paired_acquisition_dep20,702,slide_13,0.8660933214426041,0.8321365296840668,1.0,1.0,0.48
3,paired_acquisition_dep20,703,slide_13,0.8726063752174378,0.8539612352848053,1.0,1.0,0.6
3,paired_acquisition_dep20,704,slide_13,0.8804754704236984,0.8509746015071868,1.0,1.0,0.7
3,paired_acquisition_dep20,705,slide_13,0.8774431931972504,0.8535094618797302,1.0,1.0,0.62
0,paired_acquisition_dep20,701,slide_14,0.8718855077028275,0.8335374236106873,1.0,1.0,0.42
0,paired_acquisition_dep20,702,slide_14,0.8812734180688858,0.8512151539325714,1.0,1.0,0.44
0,paired_acquisition_dep20,703,slide_14,0.8657265996932983,0.8253516376018524,1.0,1.0,0.54
0,paired_acquisition_dep20,704,slide_14,0.8586671733856202,0.8128010034561157,1.0,1.0,0.46
0,paired_acquisition_dep20,705,slide_14,0.863187262415886,0.8173925042152405,1.0,1.0,0.36
1,paired_acquisition_dep20,701,slide_15,0.8565298527479172,0.8071052968502045,1.0,1.0,0.38
1,paired_acquisition_dep20,702,slide_15,0.8712297916412354,0.8289796769618988,1.0,1.0,0.64
1,paired_acquisition_dep20,703,slide_15,0.8597401279211044,0.790302038192749,1.0,1.0,0.48
1,paired_acquisition_dep20,704,slide_15,0.8606804537773133,0.801380729675293,1.0,1.0,0.56
1,paired_acquisition_dep20,705,slide_15,0.8672662490606308,0.8275513648986816,1.0,1.0,0.52
2,paired_acquisition_dep20,701,slide_16,0.8815476930141449,0.8550839900970459,1.0,1.0,0.5
2,paired_acquisition_dep20,702,slide_16,0.8896794492006301,0.8687581956386566,1.0,1.0,0.62
2,paired_acquisition_dep20,703,slide_16,0.88441472530365,0.8588222742080689,1.0,1.0,0.56
2,paired_acquisition_dep20,704,slide_16,0.876044152379036,0.8458406090736389,1.0,1.0,0.54
2,paired_acquisition_dep20,705,slide_16,0.886603012084961,0.8639898657798767,1.0,1.0,0.62
0,paired_acquisition_dep20,701,slide_17,0.8059520494937896,0.7621372640132904,1.0,1.0,0.46
0,paired_acquisition_dep20,702,slide_17,0.8169811022281647,0.7641034901142121,1.0,1.0,0.48
0,paired_acquisition_dep20,703,slide_17,0.8232527279853821,0.7744080722332001,1.0,1.0,0.58
0,paired_acquisition_dep20,704,slide_17,0.8163921314477921,0.7760908901691437,1.0,1.0,0.5
0,paired_acquisition_dep20,705,slide_17,0.8230651712417603,0.7951486706733704,1.0,1.0,0.48
1,paired_acquisition_dep20,701,slide_18,0.8644146293401718,0.8274544835090637,1.0,1.0,0.4
1,paired_acquisition_dep20,702,slide_18,0.8630808252096176,0.8293875753879547,1.0,1.0,0.62
1,paired_acquisition_dep20,703,slide_18,0.8722423446178437,0.8361791968345642,1.0,1.0,0.52
1,paired_acquisition_dep20,704,slide_18,0.8700856792926789,0.8473393082618713,1.0,1.0,0.4
1,paired_acquisition_dep20,705,slide_18,0.8718281400203705,0.842631208896637,1.0,1.0,0.36
4,paired_acquisition_dep20,701,slide_19,0.8445556443929673,0.7954526901245117,1.0,1.0,0.64
4,paired_acquisition_dep20,702,slide_19,0.8459943360090256,0.7917517006397248,1.0,1.0,0.7
4,paired_acquisition_dep20,703,slide_19,0.857778144478798,0.8050637125968934,1.0,1.0,0.54
4,paired_acquisition_dep20,704,slide_19,0.8532803404331207,0.8052648723125457,1.0,1.0,0.74
4,paired_acquisition_dep20,705,slide_19,0.859789337515831,0.8023954331874847,1.0,1.0,0.68
4,paired_acquisition_dep20,701,slide_2,0.8599446493387223,0.8296756744384766,1.0,1.0,0.54
4,paired_acquisition_dep20,702,slide_2,0.8546151995658875,0.8219196736812592,1.0,1.0,0.56
4,paired_acquisition_dep20,703,slide_2,0.8570601260662079,0.8245969772338867,1.0,1.0,0.56
4,paired_acquisition_dep20,704,slide_2,0.8565667766332626,0.8367925882339478,1.0,1.0,0.58
4,paired_acquisition_dep20,705,slide_2,0.8450555938482285,0.8192777395248413,1.0,1.0,0.58
0,paired_acquisition_dep20,701,slide_20,0.8563931399583816,0.8285804331302643,1.0,1.0,0.46
0,paired_acquisition_dep20,702,slide_20,0.8609408628940582,0.8321205735206604,1.0,1.0,0.46
0,paired_acquisition_dep20,703,slide_20,0.8600910586118699,0.8286330044269562,1.0,1.0,0.48
0,paired_acquisition_dep20,704,slide_20,0.8625305700302124,0.8303613424301147,1.0,1.0,0.38
0,paired_acquisition_dep20,705,slide_20,0.8726543861627579,0.838372391462326,1.0,1.0,0.56
1,paired_acquisition_dep20,701,slide_21,0.8573938590288163,0.8335294723510742,1.0,1.0,0.48
1,paired_acquisition_dep20,702,slide_21,0.8520249682664871,0.8225020051002503,0.995,0.95,0.56
1,paired_acquisition_dep20,703,slide_21,0.8686056131124497,0.842782324552536,1.0,1.0,0.58
1,paired_acquisition_dep20,704,slide_21,0.8483691042661667,0.8160356104373931,1.0,1.0,0.46
1,paired_acquisition_dep20,705,slide_21,0.8628613388538361,0.8398760378360748,1.0,1.0,0.6
2,paired_acquisition_dep20,701,slide_22,0.8259211885929107,0.7895768284797668,1.0,1.0,0.46
2,paired_acquisition_dep20,702,slide_22,0.8270856583118439,0.7858483731746674,1.0,1.0,0.44
2,paired_acquisition_dep20,703,slide_22,0.8410671406984329,0.8012122452259064,1.0,1.0,0.38
2,paired_acquisition_dep20,704,slide_22,0.820409272313118,0.7818767905235291,1.0,1.0,0.38
2,paired_acquisition_dep20,705,slide_22,0.8315314877033234,0.804110074043274,1.0,1.0,0.56
2,paired_acquisition_dep20,701,slide_23,0.8274989324808121,0.7902152180671692,1.0,1.0,0.58
2,paired_acquisition_dep20,702,slide_23,0.8179895532131195,0.7749537408351899,1.0,1.0,0.48
2,paired_acquisition_dep20,703,slide_23,0.8299914366006851,0.7785345077514648,1.0,1.0,0.54
2,paired_acquisition_dep20,704,slide_23,0.8262218153476715,0.7857752859592437,1.0,1.0,0.68
2,paired_acquisition_dep20,705,slide_23,0.8302305155992508,0.7932486295700073,1.0,1.0,0.64
1,paired_acquisition_dep20,701,slide_24,0.8699049383401871,0.8168903470039368,1.0,1.0,0.4
1,paired_acquisition_dep20,702,slide_24,0.8587339866161346,0.8119127988815308,1.0,1.0,0.5
1,paired_acquisition_dep20,703,slide_24,0.8765918999910355,0.822485089302063,1.0,1.0,0.46
1,paired_acquisition_dep20,704,slide_24,0.859511171579361,0.8072995781898499,1.0,1.0,0.58
1,paired_acquisition_dep20,705,slide_24,0.8637943100929261,0.801856130361557,1.0,1.0,0.44
3,paired_acquisition_dep20,701,slide_25,0.8820494878292083,0.8293344676494598,1.0,1.0,0.58
3,paired_acquisition_dep20,702,slide_25,0.8816912132501602,0.8280358433723449,1.0,1.0,0.56
3,paired_acquisition_dep20,703,slide_25,0.8832160854339599,0.8234076380729676,1.0,1.0,0.58
3,paired_acquisition_dep20,704,slide_25,0.8756485724449158,0.8064495265483856,1.0,1.0,0.68
3,paired_acquisition_dep20,705,slide_25,0.893868727684021,0.8491869270801544,1.0,1.0,0.52
0,paired_acquisition_dep20,701,slide_26,0.8408900678157807,0.7769547641277313,1.0,1.0,0.34
0,paired_acquisition_dep20,702,slide_26,0.8371139055490494,0.7814857184886932,1.0,1.0,0.3
0,paired_acquisition_dep20,703,slide_26,0.8414524477720261,0.7850243330001831,1.0,1.0,0.26
0,paired_acquisition_dep20,704,slide_26,0.839655904173851,0.7891156494617462,0.995,0.95,0.3
0,paired_acquisition_dep20,705,slide_26,0.8413102984428406,0.7770121157169342,0.995,0.95,0.52
2,paired_acquisition_dep20,701,slide_27,0.8704048722982407,0.8191323399543762,1.0,1.0,0.54
2,paired_acquisition_dep20,702,slide_27,0.8662061959505081,0.8200192511081695,1.0,1.0,0.46
2,paired_acquisition_dep20,703,slide_27,0.8661710959672928,0.8257402658462525,1.0,1.0,0.62
2,paired_acquisition_dep20,704,slide_27,0.8715858113765717,0.8335211157798768,1.0,1.0,0.46
2,paired_acquisition_dep20,705,slide_27,0.8637771546840668,0.8234005510807038,1.0,1.0,0.56
2,paired_acquisition_dep20,701,slide_28,0.8550931996107102,0.8155738294124604,1.0,1.0,0.54
2,paired_acquisition_dep20,702,slide_28,0.8576442551612854,0.8192828953266144,1.0,1.0,0.46
2,paired_acquisition_dep20,703,slide_28,0.8464434933662415,0.8061150252819062,1.0,1.0,0.54
2,paired_acquisition_dep20,704,slide_28,0.8521646279096603,0.8177620947360993,1.0,1.0,0.6
2,paired_acquisition_dep20,705,slide_28,0.8486773288249969,0.8184341192245483,1.0,1.0,0.64
3,paired_acquisition_dep20,701,slide_29,0.8723850971460343,0.8490448355674743,1.0,1.0,0.58
3,paired_acquisition_dep20,702,slide_29,0.8667600727081299,0.8411194443702698,1.0,1.0,0.5
3,paired_acquisition_dep20,703,slide_29,0.8679713660478592,0.8470437943935394,1.0,1.0,0.62
3,paired_acquisition_dep20,704,slide_29,0.8655371874570846,0.8344572722911835,1.0,1.0,0.6
3,paired_acquisition_dep20,705,slide_29,0.8698056995868683,0.8456634044647217,1.0,1.0,0.56
4,paired_acquisition_dep20,701,slide_3,0.8938690549135209,0.877014034986496,1.0,1.0,0.56
4,paired_acquisition_dep20,702,slide_3,0.8928236442804337,0.8726880013942718,1.0,1.0,0.54
4,paired_acquisition_dep20,703,slide_3,0.9007413679361344,0.8793872714042663,1.0,1.0,0.4
4,paired_acquisition_dep20,704,slide_3,0.8929905718564988,0.8680689394474029,1.0,1.0,0.42
4,paired_acquisition_dep20,705,slide_3,0.8917466789484024,0.8668306231498718,1.0,1.0,0.48
4,paired_acquisition_dep20,701,slide_30,0.8391583824157715,0.8044759809970856,1.0,1.0,0.54
4,paired_acquisition_dep20,702,slide_30,0.8364029282331467,0.792224544286728,1.0,1.0,0.4
4,paired_acquisition_dep20,703,slide_30,0.8350569635629654,0.8007056415081024,1.0,1.0,0.6
4,paired_acquisition_dep20,704,slide_30,0.8302847641706467,0.7855174660682678,1.0,1.0,0.56
4,paired_acquisition_dep20,705,slide_30,0.8453861790895462,0.8006243526935577,1.0,1.0,0.64
3,paired_acquisition_dep20,701,slide_31,0.8855385518074036,0.8684653162956237,1.0,1.0,0.58
3,paired_acquisition_dep20,702,slide_31,0.8970457953214646,0.8744155883789062,1.0,1.0,0.58
3,paired_acquisition_dep20,703,slide_31,0.8763193535804749,0.8492483854293823,1.0,1.0,0.68
3,paired_acquisition_dep20,704,slide_31,0.8748591190576553,0.8423859417438507,1.0,1.0,0.6
3,paired_acquisition_dep20,705,slide_31,0.8833134955167771,0.8630862951278686,1.0,1.0,0.72
4,paired_acquisition_dep20,701,slide_32,0.8748786568641662,0.8289780080318451,1.0,1.0,0.52
4,paired_acquisition_dep20,702,slide_32,0.8616129547357559,0.8231812417507172,1.0,1.0,0.52
4,paired_acquisition_dep20,703,slide_32,0.8625138539075852,0.8242635428905487,1.0,1.0,0.46
4,paired_acquisition_dep20,704,slide_32,0.859123392701149,0.8050757884979248,1.0,1.0,0.62
4,paired_acquisition_dep20,705,slide_32,0.8729764354228974,0.833068174123764,1.0,1.0,0.54
0,paired_acquisition_dep20,701,slide_33,0.859167058467865,0.820994210243225,1.0,1.0,0.5
0,paired_acquisition_dep20,702,slide_33,0.8642024332284928,0.8216596186161041,1.0,1.0,0.54
0,paired_acquisition_dep20,703,slide_33,0.8501575714349747,0.8167475461959839,1.0,1.0,0.56
0,paired_acquisition_dep20,704,slide_33,0.8605787485837937,0.8275530517101288,1.0,1.0,0.44
0,paired_acquisition_dep20,705,slide_33,0.8550666493177413,0.813251131772995,1.0,1.0,0.44
0,paired_acquisition_dep20,701,slide_34,0.8989476710557938,0.8670435428619385,1.0,1.0,0.48
0,paired_acquisition_dep20,702,slide_34,0.8992643028497695,0.8549351096153259,1.0,1.0,0.58
0,paired_acquisition_dep20,703,slide_34,0.8909606432914734,0.8606807649135589,1.0,1.0,0.56
0,paired_acquisition_dep20,704,slide_34,0.897809875011444,0.8576186537742615,1.0,1.0,0.5
0,paired_acquisition_dep20,705,slide_34,0.8890507328510284,0.8496101081371308,1.0,1.0,0.42
3,paired_acquisition_dep20,701,slide_35,0.8691481804847717,0.8262408435344696,1.0,1.0,0.46
3,paired_acquisition_dep20,702,slide_35,0.8632445448637008,0.8237726271152497,1.0,1.0,0.52
3,paired_acquisition_dep20,703,slide_35,0.8669311153888702,0.8274053275585175,1.0,1.0,0.52
3,paired_acquisition_dep20,704,slide_35,0.8592696213722228,0.8128109574317932,1.0,1.0,0.6
3,paired_acquisition_dep20,705,slide_35,0.857177512049675,0.8103466987609863,1.0,1.0,0.6
3,paired_acquisition_dep20,701,slide_36,0.8939773160219192,0.8451222896575927,1.0,1.0,0.54
3,paired_acquisition_dep20,702,slide_36,0.892204195857048,0.8517353594303131,1.0,1.0,0.44
3,paired_acquisition_dep20,703,slide_36,0.9004847997426987,0.8631080567836762,1.0,1.0,0.5
3,paired_acquisition_dep20,704,slide_36,0.8866784030199051,0.8439346313476562,0.995,0.95,0.7
3,paired_acquisition_dep20,705,slide_36,0.892641332745552,0.8545760929584503,1.0,1.0,0.66
1,paired_acquisition_dep20,701,slide_37,0.8869134557247161,0.8465672016143799,1.0,1.0,0.46
1,paired_acquisition_dep20,702,slide_37,0.8825289475917816,0.8330811083316803,1.0,1.0,0.56
1,paired_acquisition_dep20,703,slide_37,0.8953093713521958,0.855590409040451,1.0,1.0,0.54
1,paired_acquisition_dep20,704,slide_37,0.8811522930860519,0.8395590126514435,1.0,1.0,0.62
1,paired_acquisition_dep20,705,slide_37,0.8886007302999497,0.8477572679519654,1.0,1.0,0.36
1,paired_acquisition_dep20,701,slide_38,0.8454339754581451,0.8193213224411011,1.0,1.0,0.42
1,paired_acquisition_dep20,702,slide_38,0.8584062951803207,0.8310644924640656,1.0,1.0,0.48
1,paired_acquisition_dep20,703,slide_38,0.8520009708404541,0.8222320020198822,1.0,1.0,0.46
1,paired_acquisition_dep20,704,slide_38,0.8516620606184006,0.8256128013134003,1.0,1.0,0.42
1,paired_acquisition_dep20,705,slide_38,0.8460421919822693,0.8202517092227936,1.0,1.0,0.56
0,paired_acquisition_dep20,701,slide_39,0.8492952650785446,0.7983584642410279,1.0,1.0,0.46
0,paired_acquisition_dep20,702,slide_39,0.8477617156505585,0.7906932771205902,1.0,1.0,0.54
0,paired_acquisition_dep20,703,slide_39,0.8556276351213455,0.7967374861240387,1.0,1.0,0.54
0,paired_acquisition_dep20,704,slide_39,0.8590991920232773,0.8110426366329193,0.995,0.95,0.58
0,paired_acquisition_dep20,705,slide_39,0.8593244171142578,0.8145565450191498,1.0,1.0,0.56
3,paired_acquisition_dep20,701,slide_4,0.8767930459976196,0.8410344123840332,1.0,1.0,0.58
3,paired_acquisition_dep20,702,slide_4,0.8663980865478516,0.8222524642944335,1.0,1.0,0.46
3,paired_acquisition_dep20,703,slide_4,0.8755031383037567,0.8316069602966308,1.0,1.0,0.44
3,paired_acquisition_dep20,704,slide_4,0.8755550318956375,0.8403900325298309,1.0,1.0,0.52
3,paired_acquisition_dep20,705,slide_4,0.8687346386909485,0.8185589730739593,1.0,1.0,0.54
4,paired_acquisition_dep20,701,slide_40,0.903982565999031,0.8420614898204803,0.995,0.95,0.38
4,paired_acquisition_dep20,702,slide_40,0.9231326013803482,0.8783191800117492,0.99,0.95,0.28
4,paired_acquisition_dep20,703,slide_40,0.9100237941741943,0.8465624809265136,0.995,0.95,0.24
4,paired_acquisition_dep20,704,slide_40,0.9170505398511887,0.8642268061637879,0.99,0.95,0.32
4,paired_acquisition_dep20,705,slide_40,0.91936547935009,0.877008593082428,0.995,0.95,0.42
0,paired_acquisition_dep20,701,slide_41,0.8480460619926453,0.7984419226646423,1.0,1.0,0.44
0,paired_acquisition_dep20,702,slide_41,0.8443906939029694,0.7943096697330475,1.0,1.0,0.42
0,paired_acquisition_dep20,703,slide_41,0.8449220782518387,0.7893295049667358,1.0,1.0,0.6
0,paired_acquisition_dep20,704,slide_41,0.8474241298437118,0.8018178761005401,1.0,1.0,0.56
0,paired_acquisition_dep20,705,slide_41,0.8573197817802429,0.818926066160202,1.0,1.0,0.62
3,paired_acquisition_dep20,701,slide_42,0.8704837590456009,0.8492042183876037,1.0,1.0,0.6
3,paired_acquisition_dep20,702,slide_42,0.8800333744287491,0.861347371339798,1.0,1.0,0.56
3,paired_acquisition_dep20,703,slide_42,0.8724947899580002,0.8527328550815583,1.0,1.0,0.66
3,paired_acquisition_dep20,704,slide_42,0.8678460973501205,0.8492661595344544,1.0,1.0,0.5
3,paired_acquisition_dep20,705,slide_42,0.8686523926258087,0.8436553061008454,1.0,1.0,0.58
4,paired_acquisition_dep20,701,slide_43,0.8651552754640579,0.8058181941509247,1.0,1.0,0.6
4,paired_acquisition_dep20,702,slide_43,0.8671727764606476,0.81055988073349,1.0,1.0,0.5
4,paired_acquisition_dep20,703,slide_43,0.8694873070716858,0.8198782980442048,1.0,1.0,0.52
4,paired_acquisition_dep20,704,slide_43,0.8631559979915618,0.8018822312355042,1.0,1.0,0.64
4,paired_acquisition_dep20,705,slide_43,0.8638392168283463,0.7986990332603454,1.0,1.0,0.64
4,paired_acquisition_dep20,701,slide_44,0.873784105181694,0.8224874317646027,1.0,1.0,0.76
4,paired_acquisition_dep20,702,slide_44,0.8769732242822648,0.8370109975337983,1.0,1.0,0.58
4,paired_acquisition_dep20,703,slide_44,0.875048479437828,0.8120521783828736,1.0,1.0,0.58
4,paired_acquisition_dep20,704,slide_44,0.8704654139280319,0.8165626108646393,1.0,1.0,0.54
4,paired_acquisition_dep20,705,slide_44,0.8838252180814743,0.8277278244495392,1.0,1.0,0.52
1,paired_acquisition_dep20,701,slide_45,0.8814147770404815,0.8421036660671234,1.0,1.0,0.54
1,paired_acquisition_dep20,702,slide_45,0.8879310578107834,0.8564627647399903,1.0,1.0,0.58
1,paired_acquisition_dep20,703,slide_45,0.8790996861457825,0.8468202471733093,1.0,1.0,0.58
1,paired_acquisition_dep20,704,slide_45,0.8726680904626847,0.8281989216804504,1.0,1.0,0.6
1,paired_acquisition_dep20,705,slide_45,0.8848791986703872,0.8464137017726898,1.0,1.0,0.56
4,paired_acquisition_dep20,701,slide_46,0.8786728686094284,0.843381541967392,1.0,1.0,0.58
4,paired_acquisition_dep20,702,slide_46,0.8830690282583237,0.8428802251815796,1.0,1.0,0.48
4,paired_acquisition_dep20,703,slide_46,0.8783506983518601,0.8399912774562835,1.0,1.0,0.38
4,paired_acquisition_dep20,704,slide_46,0.8718701219558715,0.8344761073589325,1.0,1.0,0.54
4,paired_acquisition_dep20,705,slide_46,0.8716710412502289,0.8366658985614777,1.0,1.0,0.54
0,paired_acquisition_dep20,701,slide_47,0.8798413074016571,0.8418737649917603,1.0,1.0,0.5
0,paired_acquisition_dep20,702,slide_47,0.8859954583644867,0.8551654279232025,1.0,1.0,0.48
0,paired_acquisition_dep20,703,slide_47,0.8808487820625305,0.8527786552906036,1.0,1.0,0.58
0,paired_acquisition_dep20,704,slide_47,0.8800660270452499,0.8381713092327118,1.0,1.0,0.54
0,paired_acquisition_dep20,705,slide_47,0.8722892343997956,0.8392676651477814,1.0,1.0,0.54
2,paired_acquisition_dep20,701,slide_48,0.877088127732277,0.8304168939590454,1.0,1.0,0.5
2,paired_acquisition_dep20,702,slide_48,0.867083688378334,0.8195557296276093,1.0,1.0,0.54
2,paired_acquisition_dep20,703,slide_48,0.881825652718544,0.8434951364994049,1.0,1.0,0.46
2,paired_acquisition_dep20,704,slide_48,0.8748117506504058,0.8344545066356659,1.0,1.0,0.52
2,paired_acquisition_dep20,705,slide_48,0.8752957916259766,0.8412651360034943,1.0,1.0,0.56
1,paired_acquisition_dep20,701,slide_5,0.8453780615329742,0.7962118804454803,0.995,0.95,0.34
1,paired_acquisition_dep20,702,slide_5,0.834679719209671,0.7939488470554352,1.0,1.0,0.42
1,paired_acquisition_dep20,703,slide_5,0.8391279876232147,0.79761301279068,1.0,1.0,0.42
1,paired_acquisition_dep20,704,slide_5,0.8300308883190155,0.7849339663982391,0.995,0.95,0.56
1,paired_acquisition_dep20,705,slide_5,0.831129378080368,0.7816959202289582,1.0,1.0,0.44
3,paired_acquisition_dep20,701,slide_6,0.8303774183988571,0.7684953689575196,1.0,1.0,0.6
3,paired_acquisition_dep20,702,slide_6,0.8346499001979828,0.763715386390686,1.0,1.0,0.64
3,paired_acquisition_dep20,703,slide_6,0.8511238193511963,0.8037483155727386,1.0,1.0,0.52
3,paired_acquisition_dep20,704,slide_6,0.8350580477714539,0.7767411351203919,0.995,0.95,0.52
3,paired_acquisition_dep20,705,slide_6,0.8366767054796219,0.7803763628005982,1.0,1.0,0.58
2,paired_acquisition_dep20,701,slide_7,0.8492035752534867,0.8122017800807952,1.0,1.0,0.42
2,paired_acquisition_dep20,702,slide_7,0.8514368736743927,0.8023595452308655,1.0,1.0,0.64
2,paired_acquisition_dep20,703,slide_7,0.8393618696928025,0.7936811089515686,1.0,1.0,0.64
2,paired_acquisition_dep20,704,slide_7,0.8342900335788727,0.7874138295650482,1.0,1.0,0.5
2,paired_acquisition_dep20,705,slide_7,0.8550601005554199,0.8120219290256501,1.0,1.0,0.52
2,paired_acquisition_dep20,701,slide_8,0.8428134125471115,0.792290210723877,1.0,1.0,0.38
2,paired_acquisition_dep20,702,slide_8,0.8480212831497193,0.8053144633769989,1.0,1.0,0.46
2,paired_acquisition_dep20,703,slide_8,0.852985046505928,0.8190617680549621,1.0,1.0,0.32
2,paired_acquisition_dep20,704,slide_8,0.8451911079883575,0.7874539732933045,1.0,1.0,0.32
2,paired_acquisition_dep20,705,slide_8,0.8445400279760361,0.8043235659599304,1.0,1.0,0.42
2,paired_acquisition_dep20,701,slide_9,0.882790333032608,0.8606666564941406,1.0,1.0,0.62
2,paired_acquisition_dep20,702,slide_9,0.8803023898601532,0.8571313738822937,1.0,1.0,0.56
2,paired_acquisition_dep20,703,slide_9,0.892295618057251,0.8699917793273926,1.0,1.0,0.54
2,paired_acquisition_dep20,704,slide_9,0.88431596159935,0.862101262807846,1.0,1.0,0.4
2,paired_acquisition_dep20,705,slide_9,0.8806908720731735,0.8585575938224792,1.0,1.0,0.42

